metric,value
image_auroc,0.5333583208395801
image_f1,0.7603305785123966
pixel_f1,0.10223380583411712
region_f1,0.0
pixel_auroc,0.5623722899113461
pro_auroc,0.3681600165261487
