metric,value
image_auroc,0.5751000000000001
image_f1,0.6802721088435374
pixel_f1,0.01655704098890899
region_f1,0.003770028275212064
pixel_auroc,0.4485468316943402
pro_auroc,0.16964899832182867
