metric,value
image_auroc,0.5940896739130435
image_f1,0.8518518518518519
pixel_f1,0.17582296732569222
region_f1,0.007117437722419929
pixel_auroc,0.8527548620424014
pro_auroc,0.5633314881349483
