metric,value
image_auroc,0.8087719298245614
image_f1,0.900763358778626
pixel_f1,0.310517584060185
region_f1,0.05084745762711864
pixel_auroc,0.8246202943167461
pro_auroc,0.5088793732332192
