metric,value
image_auroc,0.6936
image_f1,0.8132780082987552
pixel_f1,0.17327381889880977
region_f1,0.010714285714285714
pixel_auroc,0.8881423227001026
pro_auroc,0.7548487558579631
