metric,value
image_auroc,0.4611528822055138
image_f1,0.8507462686567167
pixel_f1,0.05840560511663528
region_f1,0.00851063829787234
pixel_auroc,0.6754479969857661
pro_auroc,0.3310835156613481
