metric,value
image_auroc,0.6118385160938351
image_f1,0.9155844155844156
pixel_f1,0.12756088689227055
region_f1,0.04975124378109452
pixel_auroc,0.669127505580942
pro_auroc,0.40984444946219967
