metric,value
image_auroc,0.7780987394957982
image_f1,0.8941176470588236
pixel_f1,0.2679293898494853
region_f1,0.058181818181818175
pixel_auroc,0.7633905523614171
pro_auroc,0.5002373004104873
