metric,value
image_auroc,0.7901284109149278
image_f1,0.9042553191489362
pixel_f1,0.21234756049262238
region_f1,0.05263157894736842
pixel_auroc,0.835118955334346
pro_auroc,0.565009565469596
