metric,value
image_auroc,0.638019801980198
image_f1,0.6666666666666665
pixel_f1,0.08809236302672442
region_f1,0.007568590350047303
pixel_auroc,0.8184310263135743
pro_auroc,0.5333488296777998
