metric,value
image_auroc,0.5896039603960396
image_f1,0.6711864406779661
pixel_f1,0.01549253526999359
region_f1,0.0045351473922902496
pixel_auroc,0.6548367621355705
pro_auroc,0.2328960246687607
