metric,value
image_auroc,0.5475
image_f1,0.5839416058394161
pixel_f1,0.1715573143473862
region_f1,0.03296703296703297
pixel_auroc,0.5957410275431999
pro_auroc,0.17908629110909677
