metric,value
image_auroc,0.6777024331870762
image_f1,0.9045643153526971
pixel_f1,0.1808910121327071
region_f1,0.029069767441860465
pixel_auroc,0.8739434383129935
pro_auroc,0.6667645389338552
