metric,value
image_auroc,0.9857142857142858
image_f1,0.9677419354838709
pixel_f1,0.49330407898912915
region_f1,0.054644811898469925
pixel_auroc,0.8959049440871774
pro_auroc,0.7390507654978675
