metric,value
image_auroc,0.4217
image_f1,0.6666666666666665
pixel_f1,0.015649195551963875
region_f1,0.0034843205574912896
pixel_auroc,0.706079657998347
pro_auroc,0.3223730076266158
