metric,value
image_auroc,0.6628571428571429
image_f1,0.8070175438596491
pixel_f1,0.3768088446886921
region_f1,0.04065040650406503
pixel_auroc,0.9315430318565278
pro_auroc,0.6982110336602295
