metric,value
image_auroc,0.41750000000000004
image_f1,0.7692307692307694
pixel_f1,0.012870593404422098
region_f1,0.006944444444444444
pixel_auroc,0.5523158134357194
pro_auroc,0.20819196532794457
