metric,value
image_auroc,0.5683541709366673
image_f1,0.853046594982079
pixel_f1,0.08198873676735313
region_f1,0.00641025641025641
pixel_auroc,0.8835949789372185
pro_auroc,0.6334527664777554
