metric,value
image_auroc,0.853
image_f1,0.8699551569506725
pixel_f1,0.10249553059558386
region_f1,0.05280528052805281
pixel_auroc,0.8573493248082148
pro_auroc,0.7878697135831966
