metric,value
image_auroc,0.7730158730158729
image_f1,0.8630136986301369
pixel_f1,0.26895444279427344
region_f1,0.03846153846153846
pixel_auroc,0.5463880951907756
pro_auroc,0.4374909419925035
