metric,value
image_auroc,0.5156000000000001
image_f1,0.8
pixel_f1,0.17054887898367668
region_f1,0.01605136436597111
pixel_auroc,0.7422647102664811
pro_auroc,0.421210583555589
