metric,value
image_auroc,0.5416041979010495
image_f1,0.7634854771784232
pixel_f1,0.0746004599899388
region_f1,0.0
pixel_auroc,0.5128937096670937
pro_auroc,0.28903917947461544
