metric,value
image_auroc,0.5126999999999999
image_f1,0.6688963210702341
pixel_f1,0.007360639614200958
region_f1,0.0
pixel_auroc,0.546303035034224
pro_auroc,0.10308393262608857
