metric,value
image_auroc,0.5111111111111111
image_f1,0.8333333333333333
pixel_f1,0.17582057573801857
region_f1,0.030303030303030307
pixel_auroc,0.8283573749462136
pro_auroc,0.40538457285594254
