metric,value
image_auroc,0.3260019550342131
image_f1,0.8942307692307694
pixel_f1,0.264630006904638
region_f1,0.1927710843373494
pixel_auroc,0.40080478831451166
pro_auroc,0.1815862019425922
