metric,value
image_auroc,0.7572150072150072
image_f1,0.8512820512820515
pixel_f1,0.2318633158155441
region_f1,0.05319148936170213
pixel_auroc,0.6766227072358394
pro_auroc,0.3293885863011327
