metric,value
image_auroc,0.6194654966094935
image_f1,0.9045643153526971
pixel_f1,0.09935383402422569
region_f1,0.01133144460618496
pixel_auroc,0.8857396429062825
pro_auroc,0.6735696627719128
